<options xmlns='http://marklogic.com/appservices/search'>
  <search-option>unfiltered</search-option>
  <quality-weight>0</quality-weight>
  <constraint name="popgroup">
<range type="xs:string" facet="true" collation="http://marklogic.com/collation/">
<path-index xmlns:es="http://marklogic.com/entity-services">/payload/individual/population/group</path-index>
<facet-option>limit=25</facet-option>
<facet-option>frequency-order</facet-option>
<facet-option>descending</facet-option>
</range>
</constraint>
</options>